id,ad,soyad,yaş,cinsiyet,email,telefon
1,Canan,Kurt,24,K,canan.kurt@hotmail.com,05511089985
2,Ali,Şen,35,K,ali.sen@yahoo.com,05884418865
3,Zeynep,Erdem,74,K,zeynep.erdem@gmail.com,05728023807
4,Oğuz,Aydın,56,K,oguz.aydin@outlook.com,05598792108
5,Mustafa,Yüksel,74,K,mustafa.yuksel@yahoo.com,05592534514
6,Mehmet,Özkan,44,E,mehmet.ozkan@hotmail.com,05443493404
7,Selin,Özdemir,70,E,selin.ozdemir@gmail.com,05796051184
8,Çağlar,Köse,68,K,caglar.kose@outlook.com,05954781235
9,Eda,Aslan,41,E,eda.aslan@yahoo.com,05163832291
10,Kaan,Demir,51,K,kaan.demir@outlook.com,05907663876
11,Yasemin,Özdemir,40,E,yasemin.ozdemir@outlook.com,05353553792
12,Canan,Şen,48,E,canan.sen@outlook.com,05381359948
13,Alper,Altun,21,E,alper.altun@yahoo.com,05586628336
14,Ege,Koç,46,K,ege.koc@yahoo.com,05342145302
15,Ali,Yüksel,55,E,ali.yuksel@gmail.com,05819588023
16,Yasemin,Doğan,30,E,yasemin.dogan@yahoo.com,05617984041
17,Emre,Yılmaz,25,E,emre.yilmaz@gmail.com,05894425827
18,Merve,Arslan,61,E,merve.arslan@outlook.com,05263221919
19,Ali,Acar,27,K,ali.acar@outlook.com,05862269309
20,Burak,Özkan,28,E,burak.ozkan@hotmail.com,05924357770
21,Barış,Aydın,43,K,baris.aydin@gmail.com,05218519805
22,Ece,Yüksel,75,K,ece.yuksel@yahoo.com,05522337522
23,Merve,Kurt,20,E,merve.kurt@yahoo.com,05147898792
24,Kaan,Yılmaz,30,E,kaan.yilmaz@hotmail.com,05431931872
25,Damla,Demirci,30,K,damla.demirci@yahoo.com,05163445673
26,Murat,Aslan,20,E,murat.aslan@yahoo.com,05126205180
27,Yasemin,Yıldız,57,E,yasemin.yildiz@yahoo.com,05439579649
28,Murat,Özer,42,K,murat.ozer@hotmail.com,05792895140
29,Çağlar,Köse,67,K,caglar.kose@hotmail.com,05142231394
30,Abdullah,Çetin,38,E,abdullah.cetin@outlook.com,05561799943
31,Mehmet,Aydın,49,E,mehmet.aydin@gmail.com,05186384163
32,Barış,Altun,36,E,baris.altun@hotmail.com,05703492813
33,Merve,Demirci,18,K,merve.demirci@outlook.com,05414151453
34,Özge,Yüksel,57,K,ozge.yuksel@hotmail.com,05604408072
35,Emre,Kurt,30,K,emre.kurt@yahoo.com,05145415099
36,Serkan,Köse,51,E,serkan.kose@yahoo.com,05593806324
37,Abdullah,Aydın,66,E,abdullah.aydin@yahoo.com,05473468857
38,Damla,Şen,74,E,damla.sen@gmail.com,05155363018
39,Eda,Köse,50,E,eda.kose@gmail.com,05411796208
40,Barış,Kurt,71,E,baris.kurt@yahoo.com,05885492014
41,Mehmet,Taş,35,E,mehmet.tas@gmail.com,05804159894
42,Yasemin,Yılmaz,20,E,yasemin.yilmaz@outlook.com,05794266730
43,Merve,Öztürk,68,K,merve.ozturk@yahoo.com,05626483850
44,Hatice,Özdemir,74,E,hatice.ozdemir@yahoo.com,05657635945
45,Kaan,Özer,26,E,kaan.ozer@outlook.com,05724307694
46,Zeynep,Yalçın,26,K,zeynep.yalcin@gmail.com,05962139016
47,Ayşe,Kaya,43,K,ayse.kaya@hotmail.com,05534058383
48,Ece,Aktaş,41,E,ece.aktas@hotmail.com,05271842145
49,Selin,Demir,37,K,selin.demir@hotmail.com,05383329666
50,Mustafa,Çetin,21,K,mustafa.cetin@yahoo.com,05496703493
51,Selin,Koç,59,E,selin.koc@hotmail.com,05279506372
52,Ege,Acar,32,K,ege.acar@hotmail.com,05448924500
53,İrem,Doğan,37,E,i̇rem.dogan@outlook.com,05345736381
54,Melis,Aktaş,34,E,melis.aktas@outlook.com,05648353755
55,Damla,Erdem,35,K,damla.erdem@yahoo.com,05219265850
56,Onur,Yalçın,45,K,onur.yalcin@outlook.com,05908752791
57,Emre,Aydın,39,E,emre.aydin@gmail.com,05344299521
58,Barış,Özer,62,K,baris.ozer@hotmail.com,05542885752
59,Berk,Şen,23,E,berk.sen@outlook.com,05419245874
60,Barış,Taş,52,K,baris.tas@yahoo.com,05642623122
61,Berk,Aydın,43,E,berk.aydin@yahoo.com,05641626043
62,Eda,Kılıç,61,E,eda.kilic@outlook.com,05619573620
63,Canan,Yılmaz,59,E,canan.yilmaz@hotmail.com,05389942182
64,Canan,Erdoğan,28,E,canan.erdogan@gmail.com,05931409891
65,Mehmet,Aktaş,59,K,mehmet.aktas@outlook.com,05286635497
66,Berk,Arslan,66,E,berk.arslan@outlook.com,05786074181
67,Deniz,Yılmaz,53,K,deniz.yilmaz@hotmail.com,05155585773
68,Pınar,Acar,60,K,pinar.acar@outlook.com,05916684252
69,Eda,Özdemir,62,K,eda.ozdemir@hotmail.com,05849526768
70,Zeynep,Kaya,66,E,zeynep.kaya@gmail.com,05977501303
71,Kemal,Şahin,29,K,kemal.sahin@yahoo.com,05292651498
72,Yasemin,Şahin,57,K,yasemin.sahin@gmail.com,05411729347
73,Emine,Yalçın,24,K,emine.yalcin@hotmail.com,05541418015
74,Onur,Taş,35,K,onur.tas@gmail.com,05926002994
75,Merve,Yüksel,40,E,merve.yuksel@hotmail.com,05744226026
76,Onur,Yüksel,23,E,onur.yuksel@outlook.com,05858596794
77,Pınar,Erdem,24,K,pinar.erdem@outlook.com,05541708510
78,Merve,Erdem,51,K,merve.erdem@outlook.com,05179707754
79,Barış,Demirci,45,K,baris.demirci@hotmail.com,05823575037
80,Eda,Yalçın,29,K,eda.yalcin@outlook.com,05371674398
81,Yasemin,Yılmaz,67,K,yasemin.yilmaz@outlook.com,05504267619
82,Onur,Kurt,50,K,onur.kurt@yahoo.com,05731346462
83,Damla,Erdoğan,21,K,damla.erdogan@yahoo.com,05356107902
84,Merve,Özdemir,29,K,merve.ozdemir@outlook.com,05767993681
85,Kemal,Demir,40,E,kemal.demir@gmail.com,05884293855
86,Abdullah,Koç,64,K,abdullah.koc@yahoo.com,05227219535
87,Ayşe,Arslan,35,K,ayse.arslan@outlook.com,05656499291
88,Ali,Şen,49,K,ali.sen@hotmail.com,05434082198
89,Canan,Bulut,46,E,canan.bulut@hotmail.com,05529027347
90,Ege,Aktaş,48,E,ege.aktas@outlook.com,05598182157
91,Damla,Kılıç,28,K,damla.kilic@outlook.com,05726975926
92,Mehmet,Çetin,62,E,mehmet.cetin@gmail.com,05105258181
93,Ali,Arslan,52,E,ali.arslan@yahoo.com,05882287083
94,Zeynep,Kılıç,48,K,zeynep.kilic@hotmail.com,05248997981
95,Ege,Arslan,28,E,ege.arslan@yahoo.com,05494209477
96,Merve,Yüksel,72,E,merve.yuksel@hotmail.com,05824123037
97,Berk,Demir,58,E,berk.demir@gmail.com,05904236636
98,Selami,Özer,36,K,selami.ozer@outlook.com,05316183193
99,Damla,Acar,48,K,damla.acar@gmail.com,05631057593
100,Selami,Yıldız,24,K,selami.yildiz@hotmail.com,05495148474
101,Kemal,Aydın,62,K,kemal.aydin@outlook.com,05218909134
102,Burak,Acar,42,E,burak.acar@gmail.com,05208071288
103,Emre,Yüksel,46,E,emre.yuksel@yahoo.com,05666054183
104,Deniz,Aydın,46,K,deniz.aydin@outlook.com,05824354739
105,Onur,Altun,38,E,onur.altun@yahoo.com,05646923613
106,Ahmet,Öztürk,56,K,ahmet.ozturk@hotmail.com,05498192500
107,Fatma,Köse,44,E,fatma.kose@gmail.com,05383943937
108,Deniz,Çetin,59,K,deniz.cetin@hotmail.com,05197005156
109,Burak,Demir,38,K,burak.demir@hotmail.com,05603658511
110,Gizem,Yüksel,20,E,gizem.yuksel@hotmail.com,05983215676
111,Emre,Özer,31,K,emre.ozer@gmail.com,05552297644
112,Zeynep,Bulut,22,K,zeynep.bulut@yahoo.com,05741231370
113,Ece,Koç,20,K,ece.koc@hotmail.com,05277312334
114,Onur,Doğan,40,E,onur.dogan@yahoo.com,05607183229
115,Kaan,Yılmaz,40,K,kaan.yilmaz@gmail.com,05873933042
116,Hatice,Şen,64,K,hatice.sen@hotmail.com,05472398085
117,Abdullah,Altun,75,E,abdullah.altun@gmail.com,05515027672
118,Melis,Yalçın,50,K,melis.yalcin@gmail.com,05234078056
119,Ahmet,Yılmaz,35,E,ahmet.yilmaz@outlook.com,05526144548
120,Kaan,Yıldız,63,K,kaan.yildiz@gmail.com,05341819012
121,Barış,Bulut,58,K,baris.bulut@yahoo.com,05219868352
122,İrem,Demirci,32,E,i̇rem.demirci@outlook.com,05253896712
123,Berk,Özer,61,E,berk.ozer@yahoo.com,05725263029
124,Mehmet,Aktaş,36,K,mehmet.aktas@outlook.com,05808627676
125,Emre,Köse,49,K,emre.kose@hotmail.com,05999653552
126,Selami,Kurt,62,K,selami.kurt@hotmail.com,05197741741
127,Özge,Doğan,52,E,ozge.dogan@gmail.com,05362351668
128,Ece,Taş,75,K,ece.tas@yahoo.com,05792034466
129,Selin,Acar,65,K,selin.acar@hotmail.com,05303037473
130,Kaan,Yüksel,29,K,kaan.yuksel@outlook.com,05209407801
131,Zeynep,Acar,54,E,zeynep.acar@yahoo.com,05105551559
132,Kemal,Aktaş,58,E,kemal.aktas@yahoo.com,05829045397
133,Zeynep,Şen,20,E,zeynep.sen@hotmail.com,05293517874
134,Ali,Acar,38,E,ali.acar@gmail.com,05486652217
135,Burak,Bulut,71,E,burak.bulut@outlook.com,05236396134
136,Mustafa,Koç,56,K,mustafa.koc@gmail.com,05759841996
137,İbrahim,Özdemir,36,E,i̇brahim.ozdemir@gmail.com,05445935642
138,Emine,Erdem,45,K,emine.erdem@gmail.com,05228555423
139,Fatma,Doğan,75,K,fatma.dogan@hotmail.com,05584586706
140,Selin,Yıldız,45,E,selin.yildiz@gmail.com,05876076414
141,Eda,Yılmaz,64,K,eda.yilmaz@gmail.com,05411578181
142,Kemal,Çetin,75,E,kemal.cetin@yahoo.com,05582752967
143,Ece,Yılmaz,19,K,ece.yilmaz@outlook.com,05394105448
144,Canan,Özkan,22,E,canan.ozkan@gmail.com,05375316947
145,Selami,Aydın,50,K,selami.aydin@outlook.com,05604502540
146,Ege,Yüksel,23,K,ege.yuksel@outlook.com,05521762874
147,Elif,Demirci,62,E,elif.demirci@outlook.com,05228859361
148,Burak,Aydın,68,E,burak.aydin@outlook.com,05726083490
149,Pınar,Bulut,73,E,pinar.bulut@hotmail.com,05563512844
150,Tolga,Kaya,46,E,tolga.kaya@hotmail.com,05649345882
151,Burak,Erdem,25,E,burak.erdem@yahoo.com,05879012827
152,Ece,Çetin,56,K,ece.cetin@yahoo.com,05605588834
153,Kemal,Bulut,72,K,kemal.bulut@hotmail.com,05325998583
154,Elif,Bulut,37,E,elif.bulut@outlook.com,05137073290
155,Tolga,Çelik,26,E,tolga.celik@yahoo.com,05514829381
156,Hatice,Altun,72,E,hatice.altun@gmail.com,05706924769
157,Ali,Öztürk,55,E,ali.ozturk@yahoo.com,05186453264
158,Berk,Özkan,18,K,berk.ozkan@outlook.com,05798626572
159,Pınar,Özer,48,K,pinar.ozer@hotmail.com,05617043953
160,Abdullah,Aslan,53,E,abdullah.aslan@outlook.com,05445783257
161,Selin,Yalçın,30,E,selin.yalcin@yahoo.com,05402291498
162,Elif,Aktaş,55,K,elif.aktas@yahoo.com,05523112444
163,Serkan,Bulut,62,E,serkan.bulut@gmail.com,05646881317
164,Onur,Özer,22,K,onur.ozer@hotmail.com,05967088699
165,Emine,Çelik,34,E,emine.celik@yahoo.com,05584072522
166,Barış,Yıldız,26,E,baris.yildiz@outlook.com,05151497731
167,Mehmet,Arslan,46,K,mehmet.arslan@gmail.com,05988075345
168,Pınar,Erdoğan,75,E,pinar.erdogan@gmail.com,05846078342
169,Gizem,Erdoğan,25,K,gizem.erdogan@hotmail.com,05315945445
170,Özge,Kılıç,61,K,ozge.kilic@hotmail.com,05552446093
171,Elif,Erdem,24,K,elif.erdem@gmail.com,05485511274
172,Berk,Şahin,21,E,berk.sahin@yahoo.com,05382834147
173,İbrahim,Demirci,26,K,i̇brahim.demirci@outlook.com,05683949200
174,Mehmet,Altun,41,E,mehmet.altun@hotmail.com,05564065052
175,Oğuz,Yüksel,37,K,oguz.yuksel@outlook.com,05776187526
176,Damla,Taş,35,K,damla.tas@hotmail.com,05739629916
177,Canan,Kılıç,72,K,canan.kilic@yahoo.com,05607286938
178,Berk,Kurt,73,E,berk.kurt@yahoo.com,05593669811
179,Merve,Taş,58,K,merve.tas@hotmail.com,05748715403
180,Selami,Demir,44,K,selami.demir@hotmail.com,05808695938
181,Yasemin,Şen,74,K,yasemin.sen@outlook.com,05227889165
182,Alper,Erdem,60,E,alper.erdem@yahoo.com,05858434826
183,Selin,Erdem,55,E,selin.erdem@gmail.com,05913413212
184,Gizem,Şen,37,K,gizem.sen@outlook.com,05834701780
185,Alper,Kılıç,43,K,alper.kilic@outlook.com,05416194548
186,Mustafa,Yıldız,23,E,mustafa.yildiz@gmail.com,05752327499
187,Deniz,Kaya,58,E,deniz.kaya@yahoo.com,05796453829
188,Mustafa,Kurt,18,E,mustafa.kurt@outlook.com,05248712252
189,Elif,Erdoğan,57,E,elif.erdogan@hotmail.com,05126144082
190,Tolga,Çelik,65,K,tolga.celik@outlook.com,05601038184
191,Tolga,Öztürk,70,K,tolga.ozturk@outlook.com,05268032912
192,Oğuz,Şen,54,E,oguz.sen@hotmail.com,05231638149
193,Ece,Öztürk,19,K,ece.ozturk@outlook.com,05796218760
194,Zeynep,Yalçın,50,E,zeynep.yalcin@yahoo.com,05594362359
195,Ege,Özkan,36,E,ege.ozkan@yahoo.com,05847561632
196,Selin,Kaya,54,E,selin.kaya@hotmail.com,05947357846
197,Alper,Çetin,67,E,alper.cetin@yahoo.com,05328651097
198,Çağlar,Erdoğan,73,E,caglar.erdogan@hotmail.com,05114408322
199,Damla,Yıldız,58,E,damla.yildiz@yahoo.com,05651454203
200,Gizem,Koç,26,K,gizem.koc@outlook.com,05289432302
201,Eda,Altun,18,E,eda.altun@yahoo.com,05936812211
202,Fatma,Öztürk,25,K,fatma.ozturk@yahoo.com,05887509755
203,Damla,Altun,22,E,damla.altun@hotmail.com,05715397538
204,Tolga,Özer,50,K,tolga.ozer@gmail.com,05928273247
205,Murat,Yalçın,74,E,murat.yalcin@outlook.com,05212735868
206,Kemal,Özer,54,K,kemal.ozer@gmail.com,05471992360
207,Selin,Aslan,22,E,selin.aslan@hotmail.com,05167464743
208,Emine,Bulut,75,K,emine.bulut@outlook.com,05273217562
209,Tolga,Kılıç,41,K,tolga.kilic@outlook.com,05322879737
210,İrem,Şen,38,E,i̇rem.sen@gmail.com,05153749844
211,Abdullah,Erdem,30,E,abdullah.erdem@gmail.com,05256997988
212,Hatice,Acar,32,E,hatice.acar@outlook.com,05538429529
213,Melis,Şen,41,E,melis.sen@hotmail.com,05952573202
214,Gizem,Demir,30,K,gizem.demir@outlook.com,05423204137
215,Alper,Erdem,60,E,alper.erdem@hotmail.com,05868718773
216,Berk,Kılıç,37,E,berk.kilic@hotmail.com,05414323519
217,Serkan,Yalçın,68,E,serkan.yalcin@outlook.com,05238059452
218,Serkan,Erdem,31,K,serkan.erdem@hotmail.com,05909297217
219,Canan,Kurt,54,E,canan.kurt@yahoo.com,05939071784
220,Pınar,Öztürk,35,K,pinar.ozturk@hotmail.com,05519912793
221,İbrahim,Özkan,20,E,i̇brahim.ozkan@outlook.com,05148233863
222,Ece,Yalçın,22,K,ece.yalcin@outlook.com,05894097121
223,Ege,Özkan,75,E,ege.ozkan@yahoo.com,05229382263
224,Mustafa,Acar,18,K,mustafa.acar@gmail.com,05642387548
225,Mehmet,Çetin,58,K,mehmet.cetin@yahoo.com,05511877451
226,Mehmet,Yılmaz,46,K,mehmet.yilmaz@gmail.com,05404012737
227,Mehmet,Aslan,28,E,mehmet.aslan@outlook.com,05907931668
228,Serkan,Özkan,55,E,serkan.ozkan@yahoo.com,05375525918
229,Kaan,Şahin,23,K,kaan.sahin@yahoo.com,05626235868
230,Murat,Yıldız,21,E,murat.yildiz@gmail.com,05822465871
231,Kemal,Yıldız,33,E,kemal.yildiz@gmail.com,05798018877
232,Yasemin,Acar,69,K,yasemin.acar@gmail.com,05226033965
233,Merve,Çetin,62,K,merve.cetin@gmail.com,05297937927
234,Oğuz,Aydın,67,K,oguz.aydin@outlook.com,05386841837
235,Fatma,Demir,58,E,fatma.demir@hotmail.com,05287073169
236,Murat,Aslan,44,K,murat.aslan@yahoo.com,05116414100
237,Hatice,Yalçın,61,E,hatice.yalcin@hotmail.com,05321844312
238,Emine,Kurt,38,E,emine.kurt@hotmail.com,05149801966
239,Elif,Doğan,38,E,elif.dogan@gmail.com,05278931742
240,Mehmet,Erdem,63,K,mehmet.erdem@gmail.com,05289942602
241,Murat,Köse,44,K,murat.kose@gmail.com,05585767710
242,Onur,Özkan,28,K,onur.ozkan@gmail.com,05442672497
243,Barış,Yılmaz,58,K,baris.yilmaz@outlook.com,05328264110
244,Alper,Kurt,21,K,alper.kurt@gmail.com,05897374807
245,Canan,Erdem,34,E,canan.erdem@gmail.com,05529135493
246,Burak,Aydın,73,K,burak.aydin@yahoo.com,05567862201
247,Alper,Altun,74,E,alper.altun@yahoo.com,05944927342
248,Gizem,Demirci,55,K,gizem.demirci@gmail.com,05674076539
249,Melis,Köse,36,E,melis.kose@hotmail.com,05584189829
250,Murat,Taş,39,K,murat.tas@gmail.com,05772928337
251,Kemal,Aslan,69,E,kemal.aslan@outlook.com,05422514113
252,Onur,Yalçın,19,K,onur.yalcin@outlook.com,05283331671
253,Abdullah,Köse,47,K,abdullah.kose@gmail.com,05289902106
254,Tolga,Kılıç,60,E,tolga.kilic@yahoo.com,05537767057
255,Çağlar,Çetin,69,K,caglar.cetin@yahoo.com,05417838758
256,Özge,Köse,29,K,ozge.kose@outlook.com,05445923704
257,Abdullah,Altun,67,K,abdullah.altun@gmail.com,05107543723
258,Hatice,Demir,56,K,hatice.demir@hotmail.com,05874708021
259,Kemal,Özer,36,K,kemal.ozer@yahoo.com,05511879717
260,Ali,Bulut,23,E,ali.bulut@gmail.com,05536757356
261,Ece,Özdemir,22,E,ece.ozdemir@hotmail.com,05548319729
262,Gizem,Arslan,73,E,gizem.arslan@gmail.com,05278175257
263,İbrahim,Çetin,51,K,i̇brahim.cetin@hotmail.com,05618227219
264,Gizem,Özer,45,E,gizem.ozer@outlook.com,05927357416
265,İrem,Özdemir,19,K,i̇rem.ozdemir@hotmail.com,05892618411
266,Berk,Çelik,71,E,berk.celik@gmail.com,05989833016
267,Pınar,Aktaş,51,E,pinar.aktas@yahoo.com,05218954266
268,Emre,Kaya,74,E,emre.kaya@gmail.com,05707212452
269,Selin,Demir,40,E,selin.demir@outlook.com,05505706914
270,İbrahim,Çelik,54,E,i̇brahim.celik@yahoo.com,05281209306
271,Merve,Çelik,39,K,merve.celik@hotmail.com,05177361204
272,Melis,Demir,38,K,melis.demir@gmail.com,05658326356
273,Kemal,Demirci,60,E,kemal.demirci@outlook.com,05692728992
274,Mustafa,Demirci,67,K,mustafa.demirci@gmail.com,05356004190
275,Ece,Köse,70,K,ece.kose@yahoo.com,05617033515
276,Tolga,Yalçın,29,K,tolga.yalcin@yahoo.com,05929841071
277,Onur,Erdoğan,44,E,onur.erdogan@outlook.com,05568514849
278,Ahmet,Bulut,23,K,ahmet.bulut@yahoo.com,05953607561
279,Ahmet,Köse,34,K,ahmet.kose@hotmail.com,05998246571
280,Merve,Bulut,69,K,merve.bulut@gmail.com,05433348479
281,Deniz,Erdoğan,68,K,deniz.erdogan@gmail.com,05426643390
282,Berk,Demirci,59,E,berk.demirci@gmail.com,05997339979
283,Selami,Şen,28,E,selami.sen@hotmail.com,05646699356
284,Eda,Öztürk,18,E,eda.ozturk@gmail.com,05875594329
285,Emine,Çelik,19,E,emine.celik@outlook.com,05892162954
286,Oğuz,Çelik,47,E,oguz.celik@yahoo.com,05812305893
287,Burak,Demir,53,E,burak.demir@yahoo.com,05108098033
288,Hatice,Yüksel,71,K,hatice.yuksel@hotmail.com,05947281194
289,Zeynep,Çetin,57,E,zeynep.cetin@yahoo.com,05918731491
290,İbrahim,Kurt,46,K,i̇brahim.kurt@outlook.com,05872351130
291,Özge,Yılmaz,65,E,ozge.yilmaz@hotmail.com,05977532577
292,Pınar,Kurt,63,K,pinar.kurt@outlook.com,05578683115
293,Eda,Şahin,69,K,eda.sahin@yahoo.com,05294314797
294,Damla,Özdemir,39,E,damla.ozdemir@hotmail.com,05603908219
295,Emre,Şahin,50,K,emre.sahin@outlook.com,05398396230
296,Özge,Özer,20,K,ozge.ozer@outlook.com,05875889586
297,Murat,Demir,75,K,murat.demir@outlook.com,05897093191
298,Murat,Aydın,61,K,murat.aydin@outlook.com,05502706810
299,Ahmet,Kaya,37,K,ahmet.kaya@outlook.com,05559841950
300,Berk,Kurt,53,K,berk.kurt@gmail.com,05325568841
301,İbrahim,Taş,66,K,i̇brahim.tas@gmail.com,05407954314
302,Mehmet,Demir,36,E,mehmet.demir@outlook.com,05578813112
303,Gizem,Çetin,57,K,gizem.cetin@hotmail.com,05863348112
304,Merve,Acar,42,K,merve.acar@gmail.com,05464789456
305,Mustafa,Erdoğan,38,K,mustafa.erdogan@gmail.com,05911338703
306,Murat,Çetin,68,E,murat.cetin@hotmail.com,05643971302
307,Pınar,Altun,74,K,pinar.altun@hotmail.com,05258033565
308,Berk,Aydın,70,E,berk.aydin@outlook.com,05618106038
309,Canan,Acar,58,K,canan.acar@outlook.com,05319026003
310,Barış,Köse,33,E,baris.kose@gmail.com,05657492381
311,Ege,Erdoğan,73,K,ege.erdogan@yahoo.com,05862779807
312,Onur,Demirci,53,K,onur.demirci@gmail.com,05847567486
313,Merve,Çetin,73,E,merve.cetin@hotmail.com,05195566312
314,Selin,Taş,36,K,selin.tas@hotmail.com,05602787717
315,Pınar,Aydın,37,K,pinar.aydin@yahoo.com,05146656621
316,Selin,Arslan,33,E,selin.arslan@outlook.com,05941512531
317,Serkan,Şen,41,K,serkan.sen@gmail.com,05861911009
318,Burak,Özkan,44,K,burak.ozkan@outlook.com,05818537403
319,Burak,Çetin,29,E,burak.cetin@hotmail.com,05913228659
320,Mustafa,Öztürk,25,K,mustafa.ozturk@gmail.com,05891398344
321,Fatma,Erdoğan,19,K,fatma.erdogan@outlook.com,05711429347
322,Fatma,Altun,34,E,fatma.altun@hotmail.com,05644275983
323,Emine,Doğan,47,E,emine.dogan@outlook.com,05793908861
324,Canan,Özkan,70,E,canan.ozkan@yahoo.com,05954796681
325,Serkan,Demirci,47,K,serkan.demirci@outlook.com,05581964615
326,Ece,Demirci,23,K,ece.demirci@hotmail.com,05551195002
327,Gizem,Köse,56,K,gizem.kose@yahoo.com,05846337716
328,Berk,Aslan,65,E,berk.aslan@gmail.com,05736717279
329,Ece,Koç,21,E,ece.koc@yahoo.com,05369136656
330,Damla,Aktaş,54,E,damla.aktas@yahoo.com,05997322528
331,Damla,Şen,30,E,damla.sen@gmail.com,05749623051
332,Onur,Arslan,21,E,onur.arslan@gmail.com,05232459076
333,Serkan,Aslan,29,K,serkan.aslan@hotmail.com,05136658813
334,Serkan,Erdem,73,K,serkan.erdem@outlook.com,05782288321
335,Zeynep,Yıldız,33,K,zeynep.yildiz@gmail.com,05647304346
336,Ayşe,Koç,65,E,ayse.koc@hotmail.com,05847817851
337,Canan,Öztürk,49,E,canan.ozturk@yahoo.com,05945626671
338,Kemal,Erdem,53,E,kemal.erdem@gmail.com,05318844376
339,Mehmet,Yalçın,23,K,mehmet.yalcin@yahoo.com,05686129656
340,Damla,Erdoğan,48,K,damla.erdogan@outlook.com,05509393651
341,Berk,Aktaş,27,E,berk.aktas@yahoo.com,05711734745
342,Pınar,Acar,53,E,pinar.acar@hotmail.com,05336516163
343,Canan,Çelik,65,E,canan.celik@yahoo.com,05633537225
344,Oğuz,Öztürk,37,K,oguz.ozturk@gmail.com,05715108608
345,Ahmet,Koç,61,K,ahmet.koc@outlook.com,05727537328
346,Özge,Demirci,75,K,ozge.demirci@hotmail.com,05448871842
347,Merve,Erdem,68,K,merve.erdem@gmail.com,05935362903
348,Gizem,Özer,67,E,gizem.ozer@hotmail.com,05605651544
349,Abdullah,Şen,44,E,abdullah.sen@hotmail.com,05752949370
350,Fatma,Çelik,37,K,fatma.celik@outlook.com,05488281284
351,Tolga,Aktaş,44,E,tolga.aktas@outlook.com,05945573234
352,Kemal,Çelik,45,K,kemal.celik@gmail.com,05352623033
353,Selami,Özdemir,22,K,selami.ozdemir@gmail.com,05532747009
354,Hatice,Öztürk,23,K,hatice.ozturk@hotmail.com,05756921553
355,Fatma,Koç,54,E,fatma.koc@hotmail.com,05987417353
356,Mustafa,Şen,24,K,mustafa.sen@gmail.com,05642228991
357,Yasemin,Şahin,34,E,yasemin.sahin@hotmail.com,05798471914
358,Fatma,Erdem,39,K,fatma.erdem@hotmail.com,05221234466
359,İbrahim,Taş,55,K,i̇brahim.tas@gmail.com,05591978681
360,Hatice,Demir,41,E,hatice.demir@outlook.com,05581825191
361,Ahmet,Arslan,24,K,ahmet.arslan@gmail.com,05446653962
362,Elif,Özdemir,21,E,elif.ozdemir@gmail.com,05273115634
363,İbrahim,Özer,36,K,i̇brahim.ozer@yahoo.com,05883497226
364,Hatice,Yıldız,64,E,hatice.yildiz@hotmail.com,05882297917
365,Emine,Çetin,34,E,emine.cetin@outlook.com,05206133226
366,Selin,Özer,52,K,selin.ozer@hotmail.com,05387572941
367,Pınar,Çetin,59,K,pinar.cetin@gmail.com,05824573376
368,Ege,Taş,38,E,ege.tas@hotmail.com,05366457388
369,Yasemin,Özdemir,42,K,yasemin.ozdemir@outlook.com,05691087646
370,Canan,Erdoğan,54,E,canan.erdogan@yahoo.com,05314462578
371,Alper,Demirci,52,E,alper.demirci@outlook.com,05301901663
372,Selin,Şahin,27,K,selin.sahin@outlook.com,05774056033
373,Emine,Erdoğan,54,K,emine.erdogan@outlook.com,05789882070
374,Oğuz,Özer,39,K,oguz.ozer@hotmail.com,05809117481
375,Kemal,Demirci,26,K,kemal.demirci@hotmail.com,05516368535
376,Özge,Yıldız,42,E,ozge.yildiz@outlook.com,05253128419
377,Deniz,Koç,23,K,deniz.koc@yahoo.com,05249424125
378,Damla,Yüksel,35,E,damla.yuksel@yahoo.com,05397323750
379,Eda,Doğan,75,E,eda.dogan@yahoo.com,05664756379
380,Zeynep,Aydın,59,E,zeynep.aydin@hotmail.com,05282576681
381,Hatice,Bulut,18,E,hatice.bulut@hotmail.com,05154236638
382,Canan,Bulut,68,K,canan.bulut@yahoo.com,05248543130
383,Burak,Özdemir,53,E,burak.ozdemir@hotmail.com,05531364290
384,Melis,Koç,31,E,melis.koc@yahoo.com,05161246694
385,Ece,Aslan,28,K,ece.aslan@hotmail.com,05349491880
386,Alper,Aslan,27,K,alper.aslan@yahoo.com,05774717264
387,Selami,Yılmaz,32,K,selami.yilmaz@outlook.com,05673766113
388,Ali,Çelik,57,E,ali.celik@gmail.com,05656068301
389,Kemal,Yalçın,56,K,kemal.yalcin@outlook.com,05883881065
390,Özge,Aydın,60,E,ozge.aydin@gmail.com,05242792420
391,Emre,Aslan,58,E,emre.aslan@gmail.com,05548344110
392,Emre,Özer,52,K,emre.ozer@outlook.com,05829817612
393,Selin,Kaya,44,E,selin.kaya@yahoo.com,05764177588
394,Burak,Yalçın,42,K,burak.yalcin@hotmail.com,05322358367
395,Zeynep,Özdemir,48,E,zeynep.ozdemir@hotmail.com,05107215439
396,Merve,Kılıç,75,E,merve.kilic@yahoo.com,05811276453
397,Çağlar,Çetin,73,K,caglar.cetin@yahoo.com,05133011705
398,İrem,Kılıç,40,K,i̇rem.kilic@hotmail.com,05793043737
399,Elif,Taş,57,E,elif.tas@yahoo.com,05343707853
400,Özge,Bulut,32,E,ozge.bulut@hotmail.com,05782248889
401,Melis,Aydın,73,K,melis.aydin@gmail.com,05848168543
402,Kemal,Aslan,42,E,kemal.aslan@outlook.com,05181322146
403,Pınar,Şahin,58,E,pinar.sahin@gmail.com,05332218900
404,Alper,Şahin,70,K,alper.sahin@yahoo.com,05615551980
405,Deniz,Özkan,74,K,deniz.ozkan@yahoo.com,05423387700
406,İbrahim,Demir,37,K,i̇brahim.demir@hotmail.com,05484132617
407,Hatice,Şahin,74,K,hatice.sahin@hotmail.com,05945699462
408,Çağlar,Bulut,52,E,caglar.bulut@yahoo.com,05147169524
409,Melis,Aslan,29,K,melis.aslan@hotmail.com,05189897546
410,İbrahim,Yüksel,21,E,i̇brahim.yuksel@yahoo.com,05273312745
411,İrem,Aydın,25,E,i̇rem.aydin@yahoo.com,05597929358
412,Barış,Erdem,18,E,baris.erdem@hotmail.com,05605215071
413,Elif,Çetin,49,E,elif.cetin@yahoo.com,05975747911
414,Fatma,Kılıç,24,K,fatma.kilic@yahoo.com,05985617381
415,Ahmet,Demirci,72,E,ahmet.demirci@yahoo.com,05625388991
416,Selin,Yıldız,54,K,selin.yildiz@yahoo.com,05949769891
417,Damla,Köse,70,E,damla.kose@yahoo.com,05372178630
418,Oğuz,Şen,70,K,oguz.sen@gmail.com,05172374916
419,Mustafa,Şahin,44,K,mustafa.sahin@outlook.com,05106439223
420,Canan,Şen,47,K,canan.sen@gmail.com,05707495734
421,Canan,Aslan,48,K,canan.aslan@outlook.com,05968628227
422,Kemal,Aslan,72,K,kemal.aslan@outlook.com,05162607101
423,Serkan,Altun,62,E,serkan.altun@hotmail.com,05923153301
424,Canan,Yalçın,71,E,canan.yalcin@yahoo.com,05795449950
425,Zeynep,Çetin,45,E,zeynep.cetin@gmail.com,05119657865
426,Mehmet,Aydın,60,E,mehmet.aydin@gmail.com,05257729824
427,Ali,Aydın,57,E,ali.aydin@yahoo.com,05621607723
428,Onur,Altun,40,K,onur.altun@hotmail.com,05385332406
429,Emine,Özdemir,75,K,emine.ozdemir@yahoo.com,05335247168
430,Oğuz,Yılmaz,32,E,oguz.yilmaz@gmail.com,05795814769
431,Emine,Aslan,62,K,emine.aslan@gmail.com,05117721172
432,Alper,Çetin,47,K,alper.cetin@outlook.com,05155219699
433,Selami,Acar,74,E,selami.acar@gmail.com,05119463294
434,Eda,Demir,73,K,eda.demir@outlook.com,05823596702
435,Ece,Özkan,31,K,ece.ozkan@hotmail.com,05385542144
436,Murat,Taş,25,E,murat.tas@outlook.com,05355812995
437,Ayşe,Kaya,47,K,ayse.kaya@hotmail.com,05888114388
438,Selami,Şen,31,K,selami.sen@gmail.com,05981424983
439,Deniz,Öztürk,63,E,deniz.ozturk@yahoo.com,05626131854
440,Fatma,Bulut,20,E,fatma.bulut@outlook.com,05784991963
441,Merve,Yüksel,69,K,merve.yuksel@hotmail.com,05369942967
442,Tolga,Çetin,34,K,tolga.cetin@gmail.com,05459709544
443,Murat,Acar,39,K,murat.acar@yahoo.com,05157478591
444,Tolga,Kurt,26,K,tolga.kurt@outlook.com,05123226822
445,Ali,Köse,42,E,ali.kose@gmail.com,05239504646
446,Kemal,Kılıç,27,K,kemal.kilic@yahoo.com,05994716554
447,Emre,Taş,31,E,emre.tas@gmail.com,05568608579
448,İrem,Yılmaz,47,K,i̇rem.yilmaz@gmail.com,05555082178
449,Emine,Taş,52,K,emine.tas@hotmail.com,05929351062
450,Tolga,Çelik,73,E,tolga.celik@yahoo.com,05529023536
451,Ege,Kaya,74,K,ege.kaya@outlook.com,05864205158
452,Ali,Demirci,18,K,ali.demirci@hotmail.com,05186932128
453,Eda,Kurt,25,E,eda.kurt@gmail.com,05284909373
454,Emre,Şahin,23,E,emre.sahin@gmail.com,05934282686
455,Ece,Erdoğan,21,E,ece.erdogan@outlook.com,05102034626
456,Çağlar,Yılmaz,52,E,caglar.yilmaz@yahoo.com,05658967854
457,Emre,Bulut,37,K,emre.bulut@outlook.com,05767326564
458,Ece,Aktaş,54,E,ece.aktas@outlook.com,05357426824
459,Tolga,Şen,42,K,tolga.sen@gmail.com,05652084493
460,Kaan,Erdem,53,K,kaan.erdem@yahoo.com,05386309531
461,Onur,Şahin,74,E,onur.sahin@yahoo.com,05493125316
462,Merve,Kurt,57,E,merve.kurt@gmail.com,05243536154
463,Hatice,Özkan,27,E,hatice.ozkan@hotmail.com,05128584591
464,Zeynep,Demir,22,K,zeynep.demir@hotmail.com,05684606862
465,Alper,Yıldız,33,E,alper.yildiz@gmail.com,05951678237
466,Damla,Yıldız,53,E,damla.yildiz@hotmail.com,05641487596
467,Onur,Doğan,26,E,onur.dogan@gmail.com,05605336618
468,Kemal,Erdem,44,K,kemal.erdem@yahoo.com,05278513835
469,Tolga,Aydın,58,K,tolga.aydin@yahoo.com,05226431904
470,Selin,Çetin,71,E,selin.cetin@outlook.com,05777415468
471,Murat,Aktaş,40,K,murat.aktas@hotmail.com,05819216104
472,Murat,Çelik,19,K,murat.celik@yahoo.com,05358324518
473,Hatice,Altun,63,E,hatice.altun@yahoo.com,05128677283
474,Selin,Altun,21,K,selin.altun@outlook.com,05827463281
475,İrem,Şahin,44,E,i̇rem.sahin@outlook.com,05188935079
476,Zeynep,Özkan,41,E,zeynep.ozkan@gmail.com,05208646991
477,Gizem,Köse,74,E,gizem.kose@yahoo.com,05816039798
478,Abdullah,Erdoğan,42,E,abdullah.erdogan@outlook.com,05208302429
479,Barış,Aslan,50,K,baris.aslan@hotmail.com,05853011906
480,İbrahim,Çetin,24,E,i̇brahim.cetin@yahoo.com,05223479271
481,Alper,Taş,39,E,alper.tas@gmail.com,05563599554
482,Zeynep,Şahin,45,E,zeynep.sahin@hotmail.com,05682288608
483,Selami,Arslan,37,E,selami.arslan@gmail.com,05641053264
484,Mustafa,Yüksel,56,K,mustafa.yuksel@outlook.com,05644495666
485,Selami,Özkan,18,K,selami.ozkan@gmail.com,05262872379
486,Hatice,Demir,42,E,hatice.demir@yahoo.com,05516947437
487,Ayşe,Özer,58,E,ayse.ozer@hotmail.com,05854664745
488,İrem,Özkan,72,E,i̇rem.ozkan@gmail.com,05414032791
489,Ahmet,Çelik,39,K,ahmet.celik@yahoo.com,05374171781
490,İrem,Özdemir,64,E,i̇rem.ozdemir@hotmail.com,05153275771
491,Kemal,Demirci,21,K,kemal.demirci@gmail.com,05279252309
492,Selin,Aslan,66,E,selin.aslan@yahoo.com,05257789807
493,Burak,Yıldız,67,K,burak.yildiz@outlook.com,05965513620
494,Eda,Erdoğan,56,K,eda.erdogan@hotmail.com,05273562766
495,Mehmet,Yalçın,41,K,mehmet.yalcin@outlook.com,05831442992
496,Ece,Kılıç,56,E,ece.kilic@yahoo.com,05169737283
497,Ahmet,Demir,63,K,ahmet.demir@gmail.com,05555068570
498,Ece,Kılıç,30,K,ece.kilic@hotmail.com,05985249080
499,Elif,Çelik,43,E,elif.celik@yahoo.com,05816845729
500,Canan,Aslan,74,K,canan.aslan@outlook.com,05455128329
501,Selin,Yıldız,54,K,selin.yildiz@hotmail.com,05348709669
502,Fatma,Aydın,35,E,fatma.aydin@gmail.com,05225231103
503,Pınar,Acar,68,K,pinar.acar@hotmail.com,05243426112
504,Fatma,Demirci,58,K,fatma.demirci@yahoo.com,05609015541
505,Barış,Yüksel,44,K,baris.yuksel@gmail.com,05592638793
506,Ece,Çelik,26,K,ece.celik@yahoo.com,05796642115
507,Serkan,Yalçın,66,E,serkan.yalcin@gmail.com,05785059865
508,Berk,Doğan,74,E,berk.dogan@yahoo.com,05239768399
509,Gizem,Koç,69,E,gizem.koc@outlook.com,05716326949
510,Onur,Bulut,59,E,onur.bulut@yahoo.com,05362374084
511,Abdullah,Aydın,41,K,abdullah.aydin@hotmail.com,05105666658
512,Ece,Erdoğan,74,E,ece.erdogan@hotmail.com,05367247023
513,Zeynep,Arslan,19,K,zeynep.arslan@yahoo.com,05918195299
514,Mehmet,Doğan,55,K,mehmet.dogan@gmail.com,05996053496
515,Ahmet,Aydın,22,K,ahmet.aydin@yahoo.com,05477141209
516,Özge,Özdemir,31,K,ozge.ozdemir@gmail.com,05239235822
517,Emine,Acar,75,E,emine.acar@outlook.com,05233856814
518,Ege,Doğan,56,E,ege.dogan@yahoo.com,05859034683
519,Ege,Çelik,22,K,ege.celik@yahoo.com,05421859089
520,Ece,Özdemir,49,E,ece.ozdemir@yahoo.com,05379529519
521,Mustafa,Çetin,41,E,mustafa.cetin@hotmail.com,05434812303
522,Oğuz,Koç,71,E,oguz.koc@outlook.com,05579329901
523,Hatice,Acar,48,E,hatice.acar@hotmail.com,05512059925
524,Zeynep,Doğan,29,E,zeynep.dogan@yahoo.com,05726043890
525,Oğuz,Erdoğan,24,K,oguz.erdogan@hotmail.com,05972132462
526,Zeynep,Erdoğan,38,E,zeynep.erdogan@gmail.com,05405528080
527,Özge,Özkan,70,K,ozge.ozkan@outlook.com,05917718303
528,Berk,Şahin,62,E,berk.sahin@yahoo.com,05803426558
529,Fatma,Taş,29,K,fatma.tas@yahoo.com,05945861245
530,Burak,Erdoğan,21,K,burak.erdogan@gmail.com,05285102863
531,Fatma,Altun,65,E,fatma.altun@yahoo.com,05878024257
532,Özge,Aslan,19,E,ozge.aslan@yahoo.com,05563517718
533,Gizem,Çetin,66,K,gizem.cetin@outlook.com,05363688687
534,Hatice,Özer,59,K,hatice.ozer@outlook.com,05683084616
535,Canan,Özkan,49,E,canan.ozkan@outlook.com,05922977132
536,Özge,Özer,64,K,ozge.ozer@gmail.com,05968766187
537,Murat,Kaya,44,E,murat.kaya@gmail.com,05108537407
538,Serkan,Taş,51,K,serkan.tas@outlook.com,05931638847
539,Burak,Aslan,42,E,burak.aslan@yahoo.com,05128224441
540,Ece,Aslan,37,E,ece.aslan@hotmail.com,05299946007
541,Pınar,Özer,52,K,pinar.ozer@gmail.com,05555227607
542,Yasemin,Yüksel,70,K,yasemin.yuksel@hotmail.com,05684121532
543,Damla,Koç,67,K,damla.koc@hotmail.com,05769254148
544,Deniz,Acar,70,K,deniz.acar@hotmail.com,05583275515
545,Kaan,Yüksel,40,E,kaan.yuksel@gmail.com,05965819593
546,Ece,Aydın,27,E,ece.aydin@yahoo.com,05283336202
547,Abdullah,Erdem,68,K,abdullah.erdem@outlook.com,05886686749
548,Zeynep,Aydın,33,E,zeynep.aydin@hotmail.com,05707355935
549,Mustafa,Şen,52,K,mustafa.sen@hotmail.com,05911379047
550,Oğuz,Kaya,51,E,oguz.kaya@hotmail.com,05792513735
551,Berk,Aslan,69,E,berk.aslan@outlook.com,05405485270
552,Deniz,Yüksel,32,E,deniz.yuksel@yahoo.com,05473427349
553,Ece,Özer,42,E,ece.ozer@gmail.com,05268712390
554,Selami,Demir,52,E,selami.demir@yahoo.com,05793584760
555,Yasemin,Aydın,46,E,yasemin.aydin@outlook.com,05485428890
556,Kaan,Taş,25,E,kaan.tas@hotmail.com,05387828868
557,Kemal,Demir,29,K,kemal.demir@gmail.com,05833301329
558,Fatma,Bulut,22,K,fatma.bulut@gmail.com,05482413691
559,Melis,Aslan,47,E,melis.aslan@gmail.com,05893348444
560,Selin,Doğan,30,E,selin.dogan@gmail.com,05992305655
561,Zeynep,Yalçın,53,K,zeynep.yalcin@outlook.com,05475684158
562,Pınar,Aktaş,75,K,pinar.aktas@yahoo.com,05745181172
563,İbrahim,Çetin,69,K,i̇brahim.cetin@outlook.com,05646627382
564,İrem,Demirci,43,E,i̇rem.demirci@outlook.com,05276381351
565,Selami,Erdem,31,K,selami.erdem@outlook.com,05264335827
566,Burak,Özkan,48,K,burak.ozkan@hotmail.com,05428646496
567,Özge,Aydın,55,E,ozge.aydin@gmail.com,05398948042
568,Ece,Koç,62,K,ece.koc@hotmail.com,05586578929
569,Murat,Kaya,65,K,murat.kaya@hotmail.com,05147183572
570,Özge,Yalçın,30,E,ozge.yalcin@gmail.com,05882292522
571,Selin,Öztürk,24,E,selin.ozturk@yahoo.com,05935521380
572,Onur,Taş,26,K,onur.tas@hotmail.com,05548014172
573,Abdullah,Doğan,62,E,abdullah.dogan@yahoo.com,05937214414
574,Yasemin,Köse,61,E,yasemin.kose@yahoo.com,05138512951
575,Oğuz,Çelik,37,E,oguz.celik@gmail.com,05805804577
576,Tolga,Yıldız,37,K,tolga.yildiz@gmail.com,05791756849
577,Berk,Özer,49,K,berk.ozer@yahoo.com,05798997550
578,Deniz,Erdoğan,23,K,deniz.erdogan@yahoo.com,05609517311
579,Berk,Arslan,57,K,berk.arslan@outlook.com,05865512093
580,Zeynep,Altun,51,E,zeynep.altun@yahoo.com,05213865570
581,Kemal,Yalçın,28,K,kemal.yalcin@hotmail.com,05914114769
582,Selami,Doğan,54,E,selami.dogan@hotmail.com,05455553134
583,Hatice,Erdem,54,E,hatice.erdem@yahoo.com,05525645220
584,Gizem,Aydın,61,E,gizem.aydin@hotmail.com,05709989437
585,Ali,Aydın,26,E,ali.aydin@gmail.com,05312493174
586,Ahmet,Yılmaz,35,K,ahmet.yilmaz@hotmail.com,05352471981
587,Murat,Arslan,74,E,murat.arslan@outlook.com,05685012648
588,Emine,Demirci,24,K,emine.demirci@hotmail.com,05708281814
589,Melis,Öztürk,50,K,melis.ozturk@outlook.com,05663446486
590,Merve,Çelik,75,K,merve.celik@outlook.com,05863856579
591,Selin,Demir,71,E,selin.demir@outlook.com,05802519511
592,Zeynep,Şen,50,E,zeynep.sen@outlook.com,05307861566
593,Berk,Erdem,59,E,berk.erdem@gmail.com,05431285308
594,Oğuz,Aydın,29,E,oguz.aydin@yahoo.com,05397208735
595,Elif,Erdem,55,K,elif.erdem@outlook.com,05876003812
596,Murat,Arslan,61,E,murat.arslan@outlook.com,05765933589
597,Kaan,Şen,55,E,kaan.sen@hotmail.com,05436209286
598,Canan,Yalçın,57,K,canan.yalcin@yahoo.com,05995571552
599,Mehmet,Yüksel,20,E,mehmet.yuksel@outlook.com,05133318467
600,Damla,Özkan,43,E,damla.ozkan@outlook.com,05756114062
601,İrem,Kurt,52,K,i̇rem.kurt@gmail.com,05937513415
602,Kemal,Koç,24,K,kemal.koc@hotmail.com,05922007834
603,Canan,Kaya,31,E,canan.kaya@outlook.com,05355199741
604,Özge,Şahin,45,K,ozge.sahin@outlook.com,05491028875
605,Yasemin,Doğan,21,K,yasemin.dogan@gmail.com,05721566611
606,Gizem,Demir,59,E,gizem.demir@gmail.com,05678254307
607,Eda,Acar,22,E,eda.acar@outlook.com,05255784923
608,Özge,Kurt,40,E,ozge.kurt@hotmail.com,05769309125
609,Serkan,Yüksel,70,E,serkan.yuksel@hotmail.com,05889207254
610,Damla,Taş,57,E,damla.tas@outlook.com,05979326883
611,Selin,Doğan,25,K,selin.dogan@gmail.com,05338521261
612,Serkan,Erdem,30,K,serkan.erdem@outlook.com,05459934895
613,Kaan,Aslan,44,K,kaan.aslan@outlook.com,05195411277
614,Oğuz,Şen,42,K,oguz.sen@hotmail.com,05942419891
615,Mehmet,Özdemir,40,E,mehmet.ozdemir@hotmail.com,05273601653
616,Kaan,Taş,19,E,kaan.tas@gmail.com,05314037323
617,Özge,Aslan,55,K,ozge.aslan@yahoo.com,05774859635
618,Abdullah,Doğan,56,E,abdullah.dogan@hotmail.com,05611803358
619,Yasemin,Acar,34,E,yasemin.acar@gmail.com,05418595614
620,Emre,Koç,50,K,emre.koc@hotmail.com,05161224084
621,Oğuz,Şen,23,E,oguz.sen@outlook.com,05552748080
622,Ayşe,Koç,74,K,ayse.koc@outlook.com,05656917335
623,Ece,Acar,54,K,ece.acar@outlook.com,05592463240
624,Selami,Kılıç,21,E,selami.kilic@yahoo.com,05235432194
625,Alper,Yüksel,40,E,alper.yuksel@gmail.com,05414269970
626,Ayşe,Özdemir,36,K,ayse.ozdemir@outlook.com,05481025531
627,Kaan,Demir,25,K,kaan.demir@hotmail.com,05557682121
628,Damla,Yıldız,49,K,damla.yildiz@yahoo.com,05653357315
629,Zeynep,Öztürk,57,K,zeynep.ozturk@outlook.com,05344614732
630,Yasemin,Öztürk,59,E,yasemin.ozturk@outlook.com,05418164451
631,Ayşe,Köse,58,K,ayse.kose@yahoo.com,05265159814
632,Ayşe,Özer,54,E,ayse.ozer@yahoo.com,05163509543
633,Mehmet,Acar,41,E,mehmet.acar@gmail.com,05252283531
634,Canan,Şahin,53,E,canan.sahin@yahoo.com,05525121575
635,Pınar,Kurt,27,E,pinar.kurt@gmail.com,05765805223
636,Ahmet,Şahin,44,K,ahmet.sahin@hotmail.com,05171362362
637,Selin,Yıldız,27,E,selin.yildiz@outlook.com,05565811791
638,Özge,Acar,43,K,ozge.acar@hotmail.com,05774195212
639,Merve,Doğan,53,E,merve.dogan@yahoo.com,05923386575
640,Tolga,Çetin,31,E,tolga.cetin@gmail.com,05363838611
641,Hatice,Yüksel,23,E,hatice.yuksel@hotmail.com,05991888757
642,Ali,Demirci,34,E,ali.demirci@yahoo.com,05431526070
643,Serkan,Yıldız,38,E,serkan.yildiz@outlook.com,05278287183
644,Fatma,Aktaş,29,K,fatma.aktas@outlook.com,05441928122
645,Mustafa,Bulut,66,E,mustafa.bulut@gmail.com,05547152650
646,Canan,Yılmaz,69,E,canan.yilmaz@hotmail.com,05539396985
647,Deniz,Bulut,18,K,deniz.bulut@outlook.com,05707546446
648,Hatice,Şahin,54,K,hatice.sahin@outlook.com,05485189855
649,Canan,Şen,58,K,canan.sen@gmail.com,05921474277
650,Damla,Arslan,24,K,damla.arslan@yahoo.com,05325919381
651,Gizem,Yalçın,58,K,gizem.yalcin@outlook.com,05684465837
652,Fatma,Yılmaz,55,K,fatma.yilmaz@yahoo.com,05983842955
653,Özge,Özkan,46,E,ozge.ozkan@gmail.com,05832846231
654,Emine,Taş,47,E,emine.tas@hotmail.com,05138611100
655,Hatice,Çelik,49,K,hatice.celik@gmail.com,05177914089
656,Melis,Yıldız,19,E,melis.yildiz@gmail.com,05449696119
657,Damla,Acar,26,E,damla.acar@outlook.com,05174419896
658,Serkan,Demirci,56,E,serkan.demirci@yahoo.com,05683853626
659,Pınar,Erdoğan,18,E,pinar.erdogan@hotmail.com,05858236199
660,Oğuz,Özdemir,64,E,oguz.ozdemir@gmail.com,05213125244
661,Mehmet,Acar,20,K,mehmet.acar@outlook.com,05481779685
662,Canan,Bulut,52,E,canan.bulut@yahoo.com,05457703622
663,Selin,Yıldız,41,E,selin.yildiz@outlook.com,05879277671
664,İbrahim,Çelik,58,K,i̇brahim.celik@gmail.com,05897177143
665,Abdullah,Kaya,55,E,abdullah.kaya@gmail.com,05543057636
666,Ali,Acar,59,E,ali.acar@hotmail.com,05516233520
667,Melis,Demir,61,E,melis.demir@hotmail.com,05992708203
668,Barış,Erdem,35,E,baris.erdem@outlook.com,05262335158
669,Barış,Özkan,70,E,baris.ozkan@gmail.com,05208337057
670,Emre,Özdemir,46,K,emre.ozdemir@yahoo.com,05694848536
671,Gizem,Öztürk,37,K,gizem.ozturk@yahoo.com,05979088701
672,Eda,Altun,43,K,eda.altun@hotmail.com,05669086306
673,İbrahim,Özkan,28,E,i̇brahim.ozkan@outlook.com,05501755430
674,Alper,Doğan,52,K,alper.dogan@outlook.com,05782374213
675,Hatice,Yüksel,48,E,hatice.yuksel@yahoo.com,05867124329
676,İrem,Özkan,53,K,i̇rem.ozkan@outlook.com,05635559732
677,Deniz,Şen,23,E,deniz.sen@outlook.com,05162259370
678,Abdullah,Erdem,47,E,abdullah.erdem@yahoo.com,05993689630
679,Emre,Acar,19,K,emre.acar@gmail.com,05536119521
680,Özge,Altun,43,K,ozge.altun@hotmail.com,05998867649
681,Melis,Aktaş,43,K,melis.aktas@hotmail.com,05239681971
682,Ali,Yılmaz,41,K,ali.yilmaz@yahoo.com,05541566825
683,Emine,Öztürk,39,E,emine.ozturk@yahoo.com,05341707390
684,Oğuz,Özdemir,39,K,oguz.ozdemir@outlook.com,05504482497
685,Emine,Yıldız,75,K,emine.yildiz@outlook.com,05993471956
686,Ece,Kılıç,53,K,ece.kilic@yahoo.com,05858533794
687,Berk,Yıldız,71,K,berk.yildiz@gmail.com,05339961189
688,Deniz,Çelik,28,K,deniz.celik@outlook.com,05822704338
689,Deniz,Demir,75,E,deniz.demir@gmail.com,05822164569
690,Çağlar,Özkan,56,E,caglar.ozkan@outlook.com,05302936428
691,Zeynep,Şen,64,K,zeynep.sen@gmail.com,05772833772
692,Alper,Aslan,20,K,alper.aslan@yahoo.com,05138747577
693,Ece,Aydın,38,K,ece.aydin@hotmail.com,05576255272
694,Selami,Şen,72,E,selami.sen@hotmail.com,05413057808
695,Berk,Aktaş,67,E,berk.aktas@gmail.com,05715523933
696,Serkan,Acar,70,E,serkan.acar@yahoo.com,05762288409
697,Melis,Acar,31,E,melis.acar@outlook.com,05979076671
698,Tolga,Öztürk,59,E,tolga.ozturk@hotmail.com,05369591198
699,Deniz,Özdemir,22,E,deniz.ozdemir@outlook.com,05378711987
700,Tolga,Şen,35,K,tolga.sen@outlook.com,05907597763
701,Selami,Yüksel,73,K,selami.yuksel@gmail.com,05941252426
702,Serkan,Şahin,47,E,serkan.sahin@outlook.com,05195613050
703,Fatma,Demirci,36,E,fatma.demirci@outlook.com,05203711932
704,Pınar,Aktaş,65,E,pinar.aktas@yahoo.com,05283036965
705,Zeynep,Bulut,34,K,zeynep.bulut@yahoo.com,05969618254
706,Merve,Yüksel,56,E,merve.yuksel@gmail.com,05581239568
707,Berk,Öztürk,29,E,berk.ozturk@gmail.com,05132228258
708,İbrahim,Öztürk,66,E,i̇brahim.ozturk@gmail.com,05384709075
709,Yasemin,Kılıç,38,K,yasemin.kilic@hotmail.com,05742429146
710,Damla,Erdem,62,E,damla.erdem@gmail.com,05169477190
711,Pınar,Erdoğan,34,E,pinar.erdogan@outlook.com,05372646141
712,Emine,Arslan,46,K,emine.arslan@outlook.com,05426957794
713,Abdullah,Yılmaz,71,K,abdullah.yilmaz@hotmail.com,05191003839
714,Ege,Arslan,54,E,ege.arslan@yahoo.com,05706526112
715,Ayşe,Yüksel,27,K,ayse.yuksel@hotmail.com,05994753076
716,Canan,Kurt,53,K,canan.kurt@gmail.com,05798348430
717,Zeynep,Kurt,23,E,zeynep.kurt@yahoo.com,05782685874
718,Elif,Öztürk,60,E,elif.ozturk@hotmail.com,05241083253
719,Selami,Aktaş,36,K,selami.aktas@hotmail.com,05554886816
720,Selin,Köse,21,E,selin.kose@outlook.com,05486663099
721,Kemal,Yılmaz,23,K,kemal.yilmaz@gmail.com,05167924116
722,Onur,Taş,60,K,onur.tas@hotmail.com,05122394698
723,Burak,Yılmaz,46,E,burak.yilmaz@gmail.com,05667866888
724,Selin,Altun,23,E,selin.altun@outlook.com,05863934077
725,Ayşe,Çelik,49,K,ayse.celik@yahoo.com,05203296432
726,Selin,Köse,51,K,selin.kose@outlook.com,05177276043
727,Ayşe,Çetin,69,E,ayse.cetin@gmail.com,05718431228
728,Emine,Kılıç,41,E,emine.kilic@yahoo.com,05473247180
729,Alper,Yüksel,34,K,alper.yuksel@yahoo.com,05119324120
730,Barış,Kılıç,61,K,baris.kilic@yahoo.com,05581975357
731,Emine,Yalçın,63,E,emine.yalcin@yahoo.com,05557078833
732,Ege,Taş,19,K,ege.tas@gmail.com,05127284846
733,İbrahim,Koç,26,E,i̇brahim.koc@hotmail.com,05154795584
734,Merve,Çetin,29,K,merve.cetin@hotmail.com,05521187415
735,Murat,Özdemir,58,E,murat.ozdemir@hotmail.com,05401776992
736,İbrahim,Yıldız,18,E,i̇brahim.yildiz@hotmail.com,05177993011
737,Pınar,Kılıç,57,K,pinar.kilic@yahoo.com,05543394042
738,Selami,Kaya,51,K,selami.kaya@outlook.com,05513432653
739,Kemal,Kılıç,40,K,kemal.kilic@outlook.com,05413492372
740,Oğuz,Demir,64,K,oguz.demir@yahoo.com,05522972921
741,Oğuz,Aslan,19,E,oguz.aslan@outlook.com,05766181394
742,Mehmet,Erdoğan,31,E,mehmet.erdogan@hotmail.com,05642619580
743,Eda,Yüksel,63,E,eda.yuksel@gmail.com,05842707681
744,Mehmet,Aydın,43,E,mehmet.aydin@yahoo.com,05834818856
745,Selin,Demir,20,K,selin.demir@outlook.com,05137478617
746,Ege,Özkan,62,E,ege.ozkan@hotmail.com,05548953964
747,Deniz,Doğan,25,K,deniz.dogan@outlook.com,05511544571
748,Melis,Erdoğan,52,E,melis.erdogan@gmail.com,05982164067
749,Serkan,Erdem,57,E,serkan.erdem@hotmail.com,05207591332
750,Abdullah,Kaya,22,K,abdullah.kaya@gmail.com,05603227608
751,Selin,Özkan,43,E,selin.ozkan@gmail.com,05559049382
752,Canan,Yüksel,71,K,canan.yuksel@hotmail.com,05954778455
753,Ali,Çetin,59,K,ali.cetin@outlook.com,05593118439
754,Emine,Kurt,49,E,emine.kurt@hotmail.com,05586682433
755,Emre,Kaya,33,K,emre.kaya@gmail.com,05977519979
756,İbrahim,Yalçın,47,E,i̇brahim.yalcin@outlook.com,05745426453
757,Onur,Özer,21,E,onur.ozer@yahoo.com,05413302996
758,İrem,Kurt,26,K,i̇rem.kurt@yahoo.com,05237417429
759,Ahmet,Bulut,30,E,ahmet.bulut@outlook.com,05899354519
760,Gizem,Kaya,52,K,gizem.kaya@hotmail.com,05698746266
761,Gizem,Demir,71,E,gizem.demir@outlook.com,05361715955
762,Merve,Acar,65,K,merve.acar@outlook.com,05442889070
763,Barış,Çetin,31,K,baris.cetin@gmail.com,05962286884
764,Elif,Öztürk,66,E,elif.ozturk@hotmail.com,05224291522
765,Pınar,Özkan,27,K,pinar.ozkan@yahoo.com,05182032765
766,Emine,Taş,21,K,emine.tas@hotmail.com,05319894278
767,Merve,Çetin,65,E,merve.cetin@yahoo.com,05365382270
768,Çağlar,Demir,22,E,caglar.demir@hotmail.com,05205558663
769,Barış,Yalçın,32,K,baris.yalcin@gmail.com,05687962531
770,İrem,Köse,71,K,i̇rem.kose@hotmail.com,05552091137
771,Kaan,Kurt,36,E,kaan.kurt@yahoo.com,05254532379
772,Fatma,Aktaş,20,K,fatma.aktas@hotmail.com,05216769091
773,Eda,Acar,22,K,eda.acar@gmail.com,05249148674
774,Ece,Demir,28,E,ece.demir@gmail.com,05328516310
775,Onur,Köse,58,K,onur.kose@yahoo.com,05609205936
776,Selin,Yalçın,72,E,selin.yalcin@outlook.com,05418075244
777,Gizem,Özkan,24,K,gizem.ozkan@hotmail.com,05995407322
778,Damla,Erdoğan,18,K,damla.erdogan@hotmail.com,05668747938
779,Berk,Yalçın,64,E,berk.yalcin@gmail.com,05769134494
780,Berk,Erdoğan,65,E,berk.erdogan@yahoo.com,05869282357
781,Yasemin,Demirci,34,K,yasemin.demirci@gmail.com,05677861828
782,Emine,Kaya,19,K,emine.kaya@gmail.com,05707593715
783,İrem,Köse,61,E,i̇rem.kose@outlook.com,05626898204
784,Murat,Şen,52,K,murat.sen@yahoo.com,05734444758
785,Emine,Yıldız,74,K,emine.yildiz@outlook.com,05531842578
786,İrem,Demirci,53,E,i̇rem.demirci@yahoo.com,05888513035
787,Selin,Yalçın,56,K,selin.yalcin@gmail.com,05324012338
788,Zeynep,Koç,22,E,zeynep.koc@hotmail.com,05634918055
789,Tolga,Erdoğan,34,K,tolga.erdogan@gmail.com,05634734682
790,Hatice,Taş,74,E,hatice.tas@outlook.com,05247852574
791,Hatice,Aktaş,34,E,hatice.aktas@yahoo.com,05603638963
792,Fatma,Özer,40,E,fatma.ozer@gmail.com,05247356014
793,Damla,Aydın,34,K,damla.aydin@yahoo.com,05377244005
794,Emine,Yalçın,34,E,emine.yalcin@hotmail.com,05674219211
795,Selin,Çelik,60,E,selin.celik@yahoo.com,05303691631
796,Çağlar,Kaya,21,E,caglar.kaya@gmail.com,05726086776
797,Yasemin,Kaya,44,K,yasemin.kaya@outlook.com,05514517661
798,Gizem,Demir,59,E,gizem.demir@yahoo.com,05894811785
799,Yasemin,Erdoğan,57,E,yasemin.erdogan@yahoo.com,05962649004
800,Canan,Acar,67,K,canan.acar@outlook.com,05929651723
801,Kaan,Şahin,28,E,kaan.sahin@hotmail.com,05141848416
802,Pınar,Altun,48,K,pinar.altun@hotmail.com,05909838234
803,Alper,Şen,30,E,alper.sen@outlook.com,05114079766
804,Çağlar,Özdemir,21,K,caglar.ozdemir@hotmail.com,05401925592
805,Fatma,Şahin,36,E,fatma.sahin@yahoo.com,05991878701
806,Gizem,Yalçın,51,K,gizem.yalcin@outlook.com,05371622511
807,Ahmet,Erdem,30,E,ahmet.erdem@hotmail.com,05237836138
808,Emre,Erdem,63,E,emre.erdem@outlook.com,05878142434
809,Murat,Özdemir,51,E,murat.ozdemir@gmail.com,05582374316
810,Serkan,Koç,18,K,serkan.koc@hotmail.com,05821509660
811,Oğuz,Aktaş,60,E,oguz.aktas@gmail.com,05168397001
812,Özge,Aslan,53,K,ozge.aslan@hotmail.com,05755924845
813,Özge,Yalçın,37,K,ozge.yalcin@hotmail.com,05588815520
814,Ali,Doğan,22,K,ali.dogan@hotmail.com,05232695781
815,Abdullah,Özdemir,73,K,abdullah.ozdemir@outlook.com,05466056523
816,Özge,Taş,22,K,ozge.tas@gmail.com,05767282997
817,Canan,Köse,52,E,canan.kose@yahoo.com,05808071958
818,Abdullah,Aktaş,58,E,abdullah.aktas@outlook.com,05356605481
819,Canan,Şen,39,K,canan.sen@gmail.com,05685158173
820,Ece,Erdem,24,K,ece.erdem@hotmail.com,05184247200
821,Murat,Arslan,33,K,murat.arslan@yahoo.com,05921405597
822,Ali,Erdoğan,49,E,ali.erdogan@gmail.com,05146619626
823,Alper,Şahin,56,E,alper.sahin@gmail.com,05535614970
824,Abdullah,Şahin,73,K,abdullah.sahin@gmail.com,05589215142
825,Damla,Kılıç,42,K,damla.kilic@outlook.com,05203498025
826,İbrahim,Acar,26,K,i̇brahim.acar@yahoo.com,05378824004
827,Canan,Çelik,74,K,canan.celik@outlook.com,05625983790
828,Kemal,Çelik,43,E,kemal.celik@yahoo.com,05928335615
829,Merve,Şahin,19,E,merve.sahin@gmail.com,05295154773
830,Zeynep,Özer,47,K,zeynep.ozer@hotmail.com,05397821173
831,Yasemin,Erdem,38,E,yasemin.erdem@outlook.com,05836948050
832,Abdullah,Aslan,30,E,abdullah.aslan@hotmail.com,05599324987
833,Mehmet,Kaya,69,K,mehmet.kaya@gmail.com,05951778122
834,Selami,Şen,59,K,selami.sen@gmail.com,05873185654
835,Eda,Özkan,18,K,eda.ozkan@yahoo.com,05999506909
836,Çağlar,Çetin,54,E,caglar.cetin@outlook.com,05687578793
837,Emine,Aktaş,35,E,emine.aktas@outlook.com,05481193494
838,Eda,Şen,26,E,eda.sen@yahoo.com,05774217973
839,Ali,Yalçın,56,E,ali.yalcin@outlook.com,05802791578
840,Berk,Kaya,56,K,berk.kaya@gmail.com,05482745940
841,Ali,Özer,34,K,ali.ozer@outlook.com,05934995670
842,Deniz,Erdoğan,43,E,deniz.erdogan@outlook.com,05571135010
843,Tolga,Çetin,55,K,tolga.cetin@yahoo.com,05381073086
844,Mehmet,Yıldız,43,K,mehmet.yildiz@gmail.com,05892447775
845,Merve,Acar,63,K,merve.acar@outlook.com,05758513114
846,Melis,Kaya,53,E,melis.kaya@outlook.com,05823839152
847,Yasemin,Yıldız,63,E,yasemin.yildiz@hotmail.com,05179623455
848,Çağlar,Erdoğan,31,E,caglar.erdogan@yahoo.com,05966467239
849,Elif,Çelik,49,E,elif.celik@outlook.com,05499277569
850,Elif,Köse,72,E,elif.kose@gmail.com,05562605739
851,Emre,Kurt,28,K,emre.kurt@outlook.com,05228937827
852,Alper,Yıldız,28,K,alper.yildiz@outlook.com,05724554508
853,Selin,Çetin,39,E,selin.cetin@outlook.com,05853185840
854,Onur,Kılıç,40,E,onur.kilic@outlook.com,05906957565
855,Ahmet,Kaya,71,E,ahmet.kaya@yahoo.com,05556126841
856,Selami,Altun,28,K,selami.altun@gmail.com,05629995047
857,Abdullah,Yılmaz,63,E,abdullah.yilmaz@hotmail.com,05725957716
858,Damla,Erdoğan,67,E,damla.erdogan@outlook.com,05685887267
859,Burak,Arslan,20,K,burak.arslan@hotmail.com,05809274122
860,Ali,Kurt,30,E,ali.kurt@gmail.com,05408906191
861,Çağlar,Aktaş,60,K,caglar.aktas@gmail.com,05313533913
862,Burak,Aydın,64,E,burak.aydin@gmail.com,05404945130
863,Eda,Altun,48,E,eda.altun@yahoo.com,05251936698
864,Canan,Aydın,64,K,canan.aydin@hotmail.com,05687125112
865,Canan,Öztürk,48,K,canan.ozturk@gmail.com,05369343431
866,Pınar,Öztürk,35,K,pinar.ozturk@outlook.com,05381405229
867,Berk,Kurt,19,E,berk.kurt@outlook.com,05514175432
868,Mustafa,Özdemir,49,K,mustafa.ozdemir@gmail.com,05282341683
869,Ali,Demirci,60,K,ali.demirci@yahoo.com,05732727803
870,Ege,Doğan,59,K,ege.dogan@gmail.com,05822872201
871,Eda,Bulut,24,E,eda.bulut@gmail.com,05935621150
872,Yasemin,Şahin,59,E,yasemin.sahin@gmail.com,05798576171
873,Kaan,Kaya,44,E,kaan.kaya@yahoo.com,05331394556
874,Ege,Çetin,71,E,ege.cetin@hotmail.com,05534156485
875,Barış,Erdem,32,E,baris.erdem@gmail.com,05125366064
876,Elif,Kurt,74,K,elif.kurt@gmail.com,05273907964
877,Eda,Doğan,51,K,eda.dogan@outlook.com,05849251605
878,Merve,Aydın,42,K,merve.aydin@gmail.com,05227079931
879,Elif,Arslan,68,E,elif.arslan@hotmail.com,05195742188
880,Emine,Şahin,63,K,emine.sahin@yahoo.com,05518564255
881,Ege,Özkan,73,E,ege.ozkan@gmail.com,05832749510
882,Melis,Köse,38,E,melis.kose@hotmail.com,05647253439
883,Eda,Taş,51,K,eda.tas@hotmail.com,05522449241
884,Çağlar,Kılıç,71,E,caglar.kilic@hotmail.com,05859581341
885,Emine,Özkan,25,K,emine.ozkan@hotmail.com,05484002580
886,Özge,Özer,65,E,ozge.ozer@gmail.com,05714215691
887,Ahmet,Kılıç,45,K,ahmet.kilic@yahoo.com,05586833376
888,Murat,Koç,68,K,murat.koc@hotmail.com,05749774970
889,Yasemin,Aydın,41,E,yasemin.aydin@yahoo.com,05452026535
890,Fatma,Demirci,46,K,fatma.demirci@gmail.com,05967045696
891,Tolga,Yalçın,26,K,tolga.yalcin@yahoo.com,05688628367
892,Melis,Çetin,70,K,melis.cetin@yahoo.com,05219039757
893,Ece,Yalçın,25,E,ece.yalcin@yahoo.com,05983104665
894,Barış,Şen,59,K,baris.sen@hotmail.com,05652357409
895,Kaan,Şahin,32,E,kaan.sahin@yahoo.com,05898315296
896,Mustafa,Acar,26,E,mustafa.acar@outlook.com,05909325962
897,Berk,Altun,26,K,berk.altun@yahoo.com,05589788618
898,Burak,Aktaş,28,E,burak.aktas@gmail.com,05296503796
899,Merve,Demir,46,E,merve.demir@gmail.com,05988349234
900,Canan,Erdem,39,E,canan.erdem@outlook.com,05822662122
901,Kemal,Kurt,62,E,kemal.kurt@hotmail.com,05932729539
902,Damla,Aslan,62,E,damla.aslan@gmail.com,05671044051
903,Oğuz,Kılıç,20,K,oguz.kilic@hotmail.com,05249621394
904,Selin,Özer,51,E,selin.ozer@yahoo.com,05162072703
905,İbrahim,Yalçın,62,E,i̇brahim.yalcin@yahoo.com,05507816910
906,Selin,Koç,44,K,selin.koc@outlook.com,05644718280
907,Kaan,Doğan,26,K,kaan.dogan@outlook.com,05199503152
908,Gizem,Aydın,66,E,gizem.aydin@yahoo.com,05295043787
909,Zeynep,Bulut,42,E,zeynep.bulut@outlook.com,05633093122
910,Deniz,Kaya,59,E,deniz.kaya@hotmail.com,05444119226
911,Damla,Aslan,40,K,damla.aslan@gmail.com,05894412775
912,Burak,Özdemir,60,K,burak.ozdemir@gmail.com,05131067654
913,Damla,Kaya,60,K,damla.kaya@outlook.com,05732192101
914,Fatma,Aydın,33,E,fatma.aydin@outlook.com,05865049764
915,Ege,Özer,30,K,ege.ozer@hotmail.com,05616413939
916,Canan,Bulut,67,E,canan.bulut@yahoo.com,05313122945
917,Emre,Kılıç,59,K,emre.kilic@hotmail.com,05696123046
918,Eda,Özer,61,E,eda.ozer@outlook.com,05966351038
919,İbrahim,Çetin,70,K,i̇brahim.cetin@yahoo.com,05151922050
920,Melis,Erdem,38,E,melis.erdem@yahoo.com,05132008701
921,Canan,Özer,18,E,canan.ozer@outlook.com,05895376094
922,Pınar,Demirci,43,K,pinar.demirci@yahoo.com,05105798356
923,Eda,Erdoğan,56,E,eda.erdogan@hotmail.com,05466635194
924,Emine,Acar,69,E,emine.acar@hotmail.com,05832622365
925,Emre,Koç,75,E,emre.koc@gmail.com,05749376099
926,Abdullah,Şahin,23,E,abdullah.sahin@outlook.com,05651431434
927,Onur,Kurt,23,K,onur.kurt@gmail.com,05458144830
928,Ayşe,Çelik,74,E,ayse.celik@yahoo.com,05833416941
929,İbrahim,Demir,54,E,i̇brahim.demir@outlook.com,05544381004
930,Oğuz,Bulut,20,K,oguz.bulut@gmail.com,05191805976
931,Merve,Özkan,61,K,merve.ozkan@hotmail.com,05351153382
932,Alper,Köse,67,K,alper.kose@gmail.com,05244103185
933,Emine,Demirci,36,E,emine.demirci@gmail.com,05798058522
934,İrem,Köse,25,K,i̇rem.kose@outlook.com,05378098073
935,İrem,Çelik,26,K,i̇rem.celik@outlook.com,05137804079
936,Emre,Yılmaz,26,K,emre.yilmaz@yahoo.com,05315948019
937,Ali,Arslan,68,E,ali.arslan@gmail.com,05623658284
938,İbrahim,Doğan,39,K,i̇brahim.dogan@outlook.com,05219503158
939,Berk,Taş,50,E,berk.tas@hotmail.com,05977752602
940,Elif,Çetin,69,E,elif.cetin@gmail.com,05887053047
941,İrem,Bulut,62,E,i̇rem.bulut@outlook.com,05644495300
942,Hatice,Özkan,67,E,hatice.ozkan@outlook.com,05442139005
943,Selami,Şen,34,K,selami.sen@outlook.com,05511986154
944,Burak,Doğan,38,E,burak.dogan@outlook.com,05681887505
945,Berk,Özdemir,50,K,berk.ozdemir@outlook.com,05943489929
946,Ece,Kılıç,57,E,ece.kilic@outlook.com,05168045605
947,Merve,Köse,41,K,merve.kose@yahoo.com,05859988444
948,Özge,Yılmaz,43,E,ozge.yilmaz@hotmail.com,05577541586
949,Özge,Şen,68,E,ozge.sen@gmail.com,05949901576
950,Selin,Arslan,30,E,selin.arslan@outlook.com,05545644179
951,Selin,Köse,71,K,selin.kose@yahoo.com,05675513728
952,Özge,Kaya,40,K,ozge.kaya@yahoo.com,05644708738
953,Kemal,Özdemir,25,K,kemal.ozdemir@hotmail.com,05383741128
954,Ayşe,Erdem,57,K,ayse.erdem@yahoo.com,05903585410
955,Onur,Doğan,22,K,onur.dogan@gmail.com,05833871737
956,İbrahim,Taş,54,E,i̇brahim.tas@outlook.com,05314025982
957,Ahmet,Bulut,55,K,ahmet.bulut@gmail.com,05476128838
958,Fatma,Doğan,28,K,fatma.dogan@hotmail.com,05697589381
959,Gizem,Öztürk,20,K,gizem.ozturk@yahoo.com,05856941155
960,Fatma,Kılıç,20,K,fatma.kilic@outlook.com,05532121211
961,Deniz,Aktaş,73,E,deniz.aktas@gmail.com,05208114838
962,Mehmet,Çelik,19,K,mehmet.celik@gmail.com,05798848949
963,Kemal,Bulut,53,K,kemal.bulut@gmail.com,05613191070
964,Merve,Demir,49,E,merve.demir@yahoo.com,05462519533
965,Mehmet,Köse,46,K,mehmet.kose@yahoo.com,05823015565
966,Ali,Özer,42,K,ali.ozer@gmail.com,05364636163
967,Özge,Çelik,72,K,ozge.celik@hotmail.com,05627348677
968,İbrahim,Erdem,56,K,i̇brahim.erdem@gmail.com,05886613270
969,Oğuz,Doğan,55,E,oguz.dogan@yahoo.com,05352754113
970,Oğuz,Aktaş,44,K,oguz.aktas@yahoo.com,05885089656
971,Burak,Erdoğan,48,E,burak.erdogan@gmail.com,05642384730
972,Abdullah,Kurt,69,E,abdullah.kurt@hotmail.com,05224879220
973,Hatice,Çetin,38,E,hatice.cetin@hotmail.com,05192242268
974,Emre,Özer,53,K,emre.ozer@gmail.com,05687177524
975,Ahmet,Aydın,26,E,ahmet.aydin@yahoo.com,05757873813
976,Gizem,Kılıç,34,E,gizem.kilic@yahoo.com,05447189920
977,Abdullah,Şen,26,E,abdullah.sen@outlook.com,05127522069
978,Zeynep,Çelik,35,E,zeynep.celik@hotmail.com,05654944144
979,Gizem,Yüksel,54,K,gizem.yuksel@hotmail.com,05198136165
980,Merve,Arslan,63,K,merve.arslan@gmail.com,05751359731
981,Selami,Çelik,52,K,selami.celik@outlook.com,05175927744
982,Zeynep,Öztürk,32,E,zeynep.ozturk@yahoo.com,05512546866
983,Emre,Yılmaz,34,E,emre.yilmaz@yahoo.com,05236769381
984,Deniz,Doğan,59,K,deniz.dogan@hotmail.com,05512788679
985,Oğuz,Öztürk,75,K,oguz.ozturk@hotmail.com,05806422270
986,Oğuz,Bulut,57,K,oguz.bulut@outlook.com,05463235598
987,Kemal,Çetin,73,E,kemal.cetin@hotmail.com,05405616519
988,Ayşe,Özdemir,43,E,ayse.ozdemir@gmail.com,05121807074
989,Ahmet,Aktaş,26,K,ahmet.aktas@gmail.com,05311849996
990,Mehmet,Yıldız,23,E,mehmet.yildiz@gmail.com,05249611610
991,Pınar,Çetin,53,E,pinar.cetin@hotmail.com,05713253363
992,Mehmet,Yalçın,27,E,mehmet.yalcin@outlook.com,05497179779
993,Tolga,Demirci,36,K,tolga.demirci@outlook.com,05733033190
994,Oğuz,Özdemir,48,K,oguz.ozdemir@outlook.com,05926611654
995,Çağlar,Yüksel,53,E,caglar.yuksel@hotmail.com,05715091461
996,Selin,Köse,40,K,selin.kose@yahoo.com,05764344761
997,Barış,Aslan,49,K,baris.aslan@hotmail.com,05698285836
998,Kaan,Yüksel,44,E,kaan.yuksel@outlook.com,05135261162
999,Murat,Aslan,64,E,murat.aslan@gmail.com,05196073776
1000,Emine,Erdem,38,E,emine.erdem@gmail.com,05354175452
